[
  {
    "button_control_id": 1,
    "supplier_details_print": "True",
    "supplier_details_delete": "True",
    "supplier_details_new": "True",
    "supplier_details_modify": "True",
    "supplier_details_select": "True",
    "suppliers_new": "True",
    "suppliers_update": "True",
    "suppliers_exit": "True",
    "customer_details_print": "True",
    "customer_details_delete": "True",
    "customer_details_new": "True",
    "customer_details_modify": "True",
    "customer_details_select": "True",
    "customers_save": "True",
    "customers_update": "True",
    "customers_exit": "True",
    "employee_details_print": "True",
    "employee_details_delete": "True",
    "employee_details_new": "True",
    "employee_details_modify": "True",
    "employee_details_select": "True",
    "employees_save": "True",
    "employees_update": "True",
    "employees_exit": "True",
    "purchase_details_print": "True",
    "purchase_details_delete": "True",
    "purchase_details_new": "True",
    "purchase_details_returns": "True",
    "purchase_details_refresh": "True",
    "purchases_save": "True",
    "purchases_print": "True",
    "purchases_exit": "True",
    "role_id": 1
  },
  {
    "button_control_id": 2,
    "supplier_details_print": "False",
    "supplier_details_delete": "False",
    "supplier_details_new": "True",
    "supplier_details_modify": "False",
    "supplier_details_select": "True",
    "suppliers_new": "True",
    "suppliers_update": "False",
    "suppliers_exit": "True",
    "customer_details_print": "False",
    "customer_details_delete": "False",
    "customer_details_new": "True",
    "customer_details_modify": "False",
    "customer_details_select": "True",
    "customers_save": "True",
    "customers_update": "False",
    "customers_exit": "False",
    "employee_details_print": "False",
    "employee_details_delete": "False",
    "employee_details_new": "True",
    "employee_details_modify": "False",
    "employee_details_select": "True",
    "employees_save": "True",
    "employees_update": "False",
    "employees_exit": "False",
    "purchase_details_print": "False",
    "purchase_details_delete": "False",
    "purchase_details_new": "True",
    "purchase_details_returns": "True",
    "purchase_details_refresh": "True",
    "purchases_save": "True",
    "purchases_print": "False",
    "purchases_exit": "True",
    "role_id": 2
  },
  {
    "button_control_id": 3,
    "supplier_details_print": "False",
    "supplier_details_delete": "False",
    "supplier_details_new": "True",
    "supplier_details_modify": "False",
    "supplier_details_select": "True",
    "suppliers_new": "True",
    "suppliers_update": "False",
    "suppliers_exit": "True",
    "customer_details_print": "False",
    "customer_details_delete": "False",
    "customer_details_new": "True",
    "customer_details_modify": "False",
    "customer_details_select": "True",
    "customers_save": "True",
    "customers_update": "False",
    "customers_exit": "False",
    "employee_details_print": "False",
    "employee_details_delete": "False",
    "employee_details_new": "True",
    "employee_details_modify": "False",
    "employee_details_select": "True",
    "employees_save": "True",
    "employees_update": "False",
    "employees_exit": "False",
    "purchase_details_print": "False",
    "purchase_details_delete": "False",
    "purchase_details_new": "True",
    "purchase_details_returns": "True",
    "purchase_details_refresh": "True",
    "purchases_save": "True",
    "purchases_print": "False",
    "purchases_exit": "True",
    "role_id": 3
  },
  {
    "button_control_id": 4,
    "supplier_details_print": "False",
    "supplier_details_delete": "False",
    "supplier_details_new": "True",
    "supplier_details_modify": "False",
    "supplier_details_select": "True",
    "suppliers_new": "True",
    "suppliers_update": "False",
    "suppliers_exit": "True",
    "customer_details_print": "False",
    "customer_details_delete": "False",
    "customer_details_new": "True",
    "customer_details_modify": "False",
    "customer_details_select": "True",
    "customers_save": "True",
    "customers_update": "False",
    "customers_exit": "False",
    "employee_details_print": "False",
    "employee_details_delete": "False",
    "employee_details_new": "True",
    "employee_details_modify": "False",
    "employee_details_select": "True",
    "employees_save": "True",
    "employees_update": "False",
    "employees_exit": "False",
    "purchase_details_print": "False",
    "purchase_details_delete": "False",
    "purchase_details_new": "True",
    "purchase_details_returns": "True",
    "purchase_details_refresh": "True",
    "purchases_save": "True",
    "purchases_print": "False",
    "purchases_exit": "True",
    "role_id": 4
  },
  {
    "button_control_id": 5,
    "supplier_details_print": "False",
    "supplier_details_delete": "False",
    "supplier_details_new": "True",
    "supplier_details_modify": "False",
    "supplier_details_select": "True",
    "suppliers_new": "True",
    "suppliers_update": "False",
    "suppliers_exit": "True",
    "customer_details_print": "False",
    "customer_details_delete": "False",
    "customer_details_new": "True",
    "customer_details_modify": "False",
    "customer_details_select": "True",
    "customers_save": "True",
    "customers_update": "False",
    "customers_exit": "False",
    "employee_details_print": "False",
    "employee_details_delete": "False",
    "employee_details_new": "True",
    "employee_details_modify": "False",
    "employee_details_select": "True",
    "employees_save": "True",
    "employees_update": "False",
    "employees_exit": "False",
    "purchase_details_print": "False",
    "purchase_details_delete": "False",
    "purchase_details_new": "True",
    "purchase_details_returns": "True",
    "purchase_details_refresh": "True",
    "purchases_save": "True",
    "purchases_print": "False",
    "purchases_exit": "True",
    "role_id": 6
  },
  {
    "button_control_id": 6,
    "supplier_details_print": "False",
    "supplier_details_delete": "False",
    "supplier_details_new": "True",
    "supplier_details_modify": "False",
    "supplier_details_select": "True",
    "suppliers_new": "True",
    "suppliers_update": "False",
    "suppliers_exit": "True",
    "customer_details_print": "False",
    "customer_details_delete": "False",
    "customer_details_new": "True",
    "customer_details_modify": "False",
    "customer_details_select": "True",
    "customers_save": "True",
    "customers_update": "False",
    "customers_exit": "False",
    "employee_details_print": "False",
    "employee_details_delete": "False",
    "employee_details_new": "True",
    "employee_details_modify": "False",
    "employee_details_select": "True",
    "employees_save": "True",
    "employees_update": "False",
    "employees_exit": "False",
    "purchase_details_print": "False",
    "purchase_details_delete": "False",
    "purchase_details_new": "True",
    "purchase_details_returns": "True",
    "purchase_details_refresh": "True",
    "purchases_save": "True",
    "purchases_print": "False",
    "purchases_exit": "True",
    "role_id": 7
  }
]