[
  {
    "button_control_id": 1,
    "products_details_print": "True",
    "products_details_delete": "True",
    "products_details_new": "True",
    "products_details_modify": "True",
    "products_details_regular": "True",
    "products_expired": "True",
    "products_save": "True",
    "products_update": "True",
    "products_exit": "True",
    "recovery_details_print": "True",
    "recovery_details_new": "True",
    "recovery_details_delete": "True",
    "recovery_details_modify": "True",
    "recovery_details_Invoices": "True",
    "recoveries_save": "True",
    "recoveries_print": "True",
    "recoveries_exit": "True",
    "expenses_details_print": "True",
    "expenses_details_delete": "True",
    "expenses_details_new": "True",
    "expenses_details_modify": "True",
    "expenses_details_refresh": "True",
    "expenses_save": "True",
    "expenses_update": "True",
    "expenses_exit": "True",
    "dues_print": "True",
    "dues_refresh": "True",
    "dues_exit": "True",
    "stock_whole": "True",
    "stock_low": "True",
    "stock_print": "True",
    "stock_refresh": "True",
    "stock_exit": "True",
    "settings_reg": "True",
    "settings_config": "True",
    "settings_reports": "True",
    "settings_login_details": "True",
    "settings_general": "True",
    "banking_details_print": "True",
    "banking_details_delete": "True",
    "banking_details_new": "True",
    "banking_details_modify": "True",
    "new_transaction_save": "True",
    "new_transaction_update": "True",
    "new_transaction_savePrint": "True",
    "new_transaction_exit": "True",
    "demand_list_print": "True",
    "demand_list_delete": "True",
    "demand_list_new": "True",
    "demand_list_modify": "True",
    "new_demand_save": "True",
    "new_demand_update": "True",
    "new_demand_savePrint": "True",
    "new_demand_exit": "True",
    "role_id": 1
  },
  {
    "button_control_id": 2,
    "products_details_print": "False",
    "products_details_delete": "False",
    "products_details_new": "True",
    "products_details_modify": "False",
    "products_details_regular": "True",
    "products_expired": "False",
    "products_save": "True",
    "products_update": "False",
    "products_exit": "True",
    "recovery_details_print": "False",
    "recovery_details_new": "True",
    "recovery_details_delete": "False",
    "recovery_details_modify": "False",
    "recovery_details_Invoices": "False",
    "recoveries_save": "True",
    "recoveries_print": "False",
    "recoveries_exit": "True",
    "expenses_details_print": "False",
    "expenses_details_delete": "False",
    "expenses_details_new": "True",
    "expenses_details_modify": "False",
    "expenses_details_refresh": "True",
    "expenses_save": "True",
    "expenses_update": "False",
    "expenses_exit": "True",
    "dues_print": "False",
    "dues_refresh": "True",
    "dues_exit": "True",
    "stock_whole": "True",
    "stock_low": "False",
    "stock_print": "False",
    "stock_refresh": "True",
    "stock_exit": "True",
    "settings_reg": "False",
    "settings_config": "False",
    "settings_reports": "False",
    "settings_login_details": "False",
    "settings_general": "False",
    "banking_details_print": "False",
    "banking_details_delete": "False",
    "banking_details_new": "True",
    "banking_details_modify": "False",
    "new_transaction_save": "True",
    "new_transaction_update": "False",
    "new_transaction_savePrint": "False",
    "new_transaction_exit": "True",
    "demand_list_print": "False",
    "demand_list_delete": "False",
    "demand_list_new": "True",
    "demand_list_modify": "False",
    "new_demand_save": "True",
    "new_demand_update": "False",
    "new_demand_savePrint": "False",
    "new_demand_exit": "True",
    "role_id": 2
  },
  {
    "button_control_id": 3,
    "products_details_print": "False",
    "products_details_delete": "False",
    "products_details_new": "True",
    "products_details_modify": "False",
    "products_details_regular": "True",
    "products_expired": "False",
    "products_save": "True",
    "products_update": "False",
    "products_exit": "True",
    "recovery_details_print": "False",
    "recovery_details_new": "True",
    "recovery_details_delete": "False",
    "recovery_details_modify": "False",
    "recovery_details_Invoices": "False",
    "recoveries_save": "True",
    "recoveries_print": "False",
    "recoveries_exit": "True",
    "expenses_details_print": "False",
    "expenses_details_delete": "False",
    "expenses_details_new": "True",
    "expenses_details_modify": "False",
    "expenses_details_refresh": "True",
    "expenses_save": "True",
    "expenses_update": "False",
    "expenses_exit": "True",
    "dues_print": "False",
    "dues_refresh": "True",
    "dues_exit": "True",
    "stock_whole": "True",
    "stock_low": "False",
    "stock_print": "False",
    "stock_refresh": "True",
    "stock_exit": "True",
    "settings_reg": "False",
    "settings_config": "False",
    "settings_reports": "False",
    "settings_login_details": "False",
    "settings_general": "False",
    "banking_details_print": "False",
    "banking_details_delete": "False",
    "banking_details_new": "True",
    "banking_details_modify": "False",
    "new_transaction_save": "True",
    "new_transaction_update": "False",
    "new_transaction_savePrint": "False",
    "new_transaction_exit": "True",
    "demand_list_print": "False",
    "demand_list_delete": "False",
    "demand_list_new": "True",
    "demand_list_modify": "False",
    "new_demand_save": "True",
    "new_demand_update": "False",
    "new_demand_savePrint": "False",
    "new_demand_exit": "True",
    "role_id": 3
  },
  {
    "button_control_id": 4,
    "products_details_print": "False",
    "products_details_delete": "False",
    "products_details_new": "True",
    "products_details_modify": "False",
    "products_details_regular": "True",
    "products_expired": "False",
    "products_save": "True",
    "products_update": "False",
    "products_exit": "True",
    "recovery_details_print": "False",
    "recovery_details_new": "True",
    "recovery_details_delete": "False",
    "recovery_details_modify": "False",
    "recovery_details_Invoices": "False",
    "recoveries_save": "True",
    "recoveries_print": "False",
    "recoveries_exit": "True",
    "expenses_details_print": "False",
    "expenses_details_delete": "False",
    "expenses_details_new": "True",
    "expenses_details_modify": "False",
    "expenses_details_refresh": "True",
    "expenses_save": "True",
    "expenses_update": "False",
    "expenses_exit": "True",
    "dues_print": "False",
    "dues_refresh": "True",
    "dues_exit": "True",
    "stock_whole": "True",
    "stock_low": "False",
    "stock_print": "False",
    "stock_refresh": "True",
    "stock_exit": "True",
    "settings_reg": "False",
    "settings_config": "False",
    "settings_reports": "False",
    "settings_login_details": "False",
    "settings_general": "False",
    "banking_details_print": "False",
    "banking_details_delete": "False",
    "banking_details_new": "True",
    "banking_details_modify": "False",
    "new_transaction_save": "True",
    "new_transaction_update": "False",
    "new_transaction_savePrint": "False",
    "new_transaction_exit": "True",
    "demand_list_print": "False",
    "demand_list_delete": "False",
    "demand_list_new": "True",
    "demand_list_modify": "False",
    "new_demand_save": "True",
    "new_demand_update": "False",
    "new_demand_savePrint": "False",
    "new_demand_exit": "True",
    "role_id": 4
  },
  {
    "button_control_id": 5,
    "products_details_print": "False",
    "products_details_delete": "False",
    "products_details_new": "True",
    "products_details_modify": "False",
    "products_details_regular": "True",
    "products_expired": "False",
    "products_save": "True",
    "products_update": "False",
    "products_exit": "True",
    "recovery_details_print": "False",
    "recovery_details_new": "True",
    "recovery_details_delete": "False",
    "recovery_details_modify": "False",
    "recovery_details_Invoices": "False",
    "recoveries_save": "True",
    "recoveries_print": "False",
    "recoveries_exit": "True",
    "expenses_details_print": "False",
    "expenses_details_delete": "False",
    "expenses_details_new": "True",
    "expenses_details_modify": "False",
    "expenses_details_refresh": "True",
    "expenses_save": "True",
    "expenses_update": "False",
    "expenses_exit": "True",
    "dues_print": "False",
    "dues_refresh": "True",
    "dues_exit": "True",
    "stock_whole": "True",
    "stock_low": "False",
    "stock_print": "False",
    "stock_refresh": "True",
    "stock_exit": "True",
    "settings_reg": "False",
    "settings_config": "False",
    "settings_reports": "False",
    "settings_login_details": "False",
    "settings_general": "False",
    "banking_details_print": "False",
    "banking_details_delete": "False",
    "banking_details_new": "True",
    "banking_details_modify": "False",
    "new_transaction_save": "True",
    "new_transaction_update": "False",
    "new_transaction_savePrint": "False",
    "new_transaction_exit": "True",
    "demand_list_print": "False",
    "demand_list_delete": "False",
    "demand_list_new": "True",
    "demand_list_modify": "False",
    "new_demand_save": "True",
    "new_demand_update": "False",
    "new_demand_savePrint": "False",
    "new_demand_exit": "True",
    "role_id": 6
  },
  {
    "button_control_id": 6,
    "products_details_print": "False",
    "products_details_delete": "False",
    "products_details_new": "True",
    "products_details_modify": "False",
    "products_details_regular": "True",
    "products_expired": "False",
    "products_save": "True",
    "products_update": "False",
    "products_exit": "True",
    "recovery_details_print": "False",
    "recovery_details_new": "True",
    "recovery_details_delete": "False",
    "recovery_details_modify": "False",
    "recovery_details_Invoices": "False",
    "recoveries_save": "True",
    "recoveries_print": "False",
    "recoveries_exit": "True",
    "expenses_details_print": "False",
    "expenses_details_delete": "False",
    "expenses_details_new": "True",
    "expenses_details_modify": "False",
    "expenses_details_refresh": "True",
    "expenses_save": "True",
    "expenses_update": "False",
    "expenses_exit": "True",
    "dues_print": "False",
    "dues_refresh": "True",
    "dues_exit": "True",
    "stock_whole": "True",
    "stock_low": "False",
    "stock_print": "False",
    "stock_refresh": "True",
    "stock_exit": "True",
    "settings_reg": "False",
    "settings_config": "False",
    "settings_reports": "False",
    "settings_login_details": "False",
    "settings_general": "False",
    "banking_details_print": "False",
    "banking_details_delete": "False",
    "banking_details_new": "True",
    "banking_details_modify": "False",
    "new_transaction_save": "True",
    "new_transaction_update": "False",
    "new_transaction_savePrint": "False",
    "new_transaction_exit": "True",
    "demand_list_print": "False",
    "demand_list_delete": "False",
    "demand_list_new": "True",
    "demand_list_modify": "False",
    "new_demand_save": "True",
    "new_demand_update": "False",
    "new_demand_savePrint": "False",
    "new_demand_exit": "True",
    "role_id": 7
  }
]