[
  {
    "button_control_id": 1,
    "investor_details_print": "True",
    "investor_details_delete": "True",
    "investor_details_new": "True",
    "investor_details_modify": "True",
    "new_investor_save": "True",
    "new_investor_update": "True",
    "new_investor_barcode": "True",
    "investor_paybookDetails_print": "True",
    "investor_paybookDetails_delete": "True",
    "investor_paybookDetails_new": "True",
    "investor_paybookDetails_modify": "True",
    "new_investorPayment_save": "True",
    "new_investorPayment_update": "True",
    "new_investorPayment_savePrint": "True",
    "guarantor_details_print": "True",
    "guarantor_details_delete": "True",
    "guarantor_details_new": "True",
    "guarantor_details_modify": "True",
    "new_guarantor_save": "True",
    "new_guarantor_update": "True",
    "new_guarantor_barcode": "True",
    "customerOrders_print": "True      ",
    "customerOrders_delete": "True      ",
    "customerOrders_modify": "True      ",
    "customerOrders_allSales": "True      ",
    "customerOrders_allReturns": "True      ",
    "customerOrders_search": "True      ",
    "customerOrders_contractForm": "True      ",
    "salariesPaybook_details_print": "True",
    "salariesPaybook_details_delete": "True",
    "salariesPaybook_details_new": "True",
    "salariesPaybook_details_modify": "True",
    "new_salaryPayment_save": "True",
    "new_salaryPayment_update": "True",
    "new_salaryPayment_savePrint": "True",
    "bankLoan_details_print": "True",
    "bankLoan_details_delete": "True",
    "bankLoan_details_new": "True",
    "bankLoan_details_modify": "True",
    "new_bankLoan_save": "True",
    "new_bankLoan_update": "True",
    "new_bankLoan_exit": "True",
    "bankLoanPaybook_details_print": "True",
    "bankLoanPaybook_details_delete": "True",
    "bankLoanPaybook_details_new": "True",
    "bankLoanPaybook_details_modify": "True",
    "new_bankLoanPayment_save": "True",
    "new_bankLoanPayment_update": "True",
    "new_bankLoanPayment_exit": "True",
    "supplierPaybook_print": "True",
    "supplierPaybook_delete": "True",
    "supplierPaybook_new": "True",
    "supplierPaybook_modify": "True",
    "newSupplierPayment_save": "True",
    "newSupplierPayment_update": "True",
    "newSupplierPayment_exit": "True",
    "charityPaybook_print": "True",
    "charityPaybook_delete": "True",
    "charityPaybook_new": "True",
    "charityPaybook_modify": "True",
    "newCharityPayment_save": "True",
    "newCharityPayment_update": "True",
    "newCharityPayment_exit": "True",
    "role_id": 1
  },
  {
    "button_control_id": 2,
    "investor_details_print": "False",
    "investor_details_delete": "False",
    "investor_details_new": "True",
    "investor_details_modify": "False",
    "new_investor_save": "True",
    "new_investor_update": "False",
    "new_investor_barcode": "False",
    "investor_paybookDetails_print": "False",
    "investor_paybookDetails_delete": "False",
    "investor_paybookDetails_new": "True",
    "investor_paybookDetails_modify": "False",
    "new_investorPayment_save": "True",
    "new_investorPayment_update": "False",
    "new_investorPayment_savePrint": "False",
    "guarantor_details_print": "False",
    "guarantor_details_delete": "False",
    "guarantor_details_new": "True",
    "guarantor_details_modify": "False",
    "new_guarantor_save": "True",
    "new_guarantor_update": "False",
    "new_guarantor_barcode": "False",
    "customerOrders_print": "False     ",
    "customerOrders_delete": "False     ",
    "customerOrders_modify": "False     ",
    "customerOrders_allSales": "True      ",
    "customerOrders_allReturns": "True      ",
    "customerOrders_search": "True      ",
    "customerOrders_contractForm": "False     ",
    "salariesPaybook_details_print": "False",
    "salariesPaybook_details_delete": "False",
    "salariesPaybook_details_new": "True",
    "salariesPaybook_details_modify": "False",
    "new_salaryPayment_save": "True",
    "new_salaryPayment_update": "False",
    "new_salaryPayment_savePrint": "False",
    "bankLoan_details_print": "False",
    "bankLoan_details_delete": "False",
    "bankLoan_details_new": "False",
    "bankLoan_details_modify": "False",
    "new_bankLoan_save": "True",
    "new_bankLoan_update": "False",
    "new_bankLoan_exit": "True",
    "bankLoanPaybook_details_print": "False",
    "bankLoanPaybook_details_delete": "False",
    "bankLoanPaybook_details_new": "True",
    "bankLoanPaybook_details_modify": "False",
    "new_bankLoanPayment_save": "True",
    "new_bankLoanPayment_update": "False",
    "new_bankLoanPayment_exit": "True",
    "supplierPaybook_print": "False",
    "supplierPaybook_delete": "False",
    "supplierPaybook_new": "True",
    "supplierPaybook_modify": "False",
    "newSupplierPayment_save": "True",
    "newSupplierPayment_update": "False",
    "newSupplierPayment_exit": "True",
    "charityPaybook_print": "False",
    "charityPaybook_delete": "False",
    "charityPaybook_new": "True",
    "charityPaybook_modify": "False",
    "newCharityPayment_save": "True",
    "newCharityPayment_update": "False",
    "newCharityPayment_exit": "True",
    "role_id": 2
  },
  {
    "button_control_id": 3,
    "investor_details_print": "False",
    "investor_details_delete": "False",
    "investor_details_new": "True",
    "investor_details_modify": "False",
    "new_investor_save": "True",
    "new_investor_update": "False",
    "new_investor_barcode": "False",
    "investor_paybookDetails_print": "False",
    "investor_paybookDetails_delete": "False",
    "investor_paybookDetails_new": "True",
    "investor_paybookDetails_modify": "False",
    "new_investorPayment_save": "True",
    "new_investorPayment_update": "False",
    "new_investorPayment_savePrint": "False",
    "guarantor_details_print": "False",
    "guarantor_details_delete": "False",
    "guarantor_details_new": "True",
    "guarantor_details_modify": "False",
    "new_guarantor_save": "True",
    "new_guarantor_update": "False",
    "new_guarantor_barcode": "False",
    "customerOrders_print": "False     ",
    "customerOrders_delete": "False     ",
    "customerOrders_modify": "False     ",
    "customerOrders_allSales": "True      ",
    "customerOrders_allReturns": "True      ",
    "customerOrders_search": "True      ",
    "customerOrders_contractForm": "False     ",
    "salariesPaybook_details_print": "False",
    "salariesPaybook_details_delete": "False",
    "salariesPaybook_details_new": "True",
    "salariesPaybook_details_modify": "False",
    "new_salaryPayment_save": "True",
    "new_salaryPayment_update": "False",
    "new_salaryPayment_savePrint": "False",
    "bankLoan_details_print": "False",
    "bankLoan_details_delete": "False",
    "bankLoan_details_new": "False",
    "bankLoan_details_modify": "False",
    "new_bankLoan_save": "True",
    "new_bankLoan_update": "False",
    "new_bankLoan_exit": "True",
    "bankLoanPaybook_details_print": "False",
    "bankLoanPaybook_details_delete": "False",
    "bankLoanPaybook_details_new": "True",
    "bankLoanPaybook_details_modify": "False",
    "new_bankLoanPayment_save": "True",
    "new_bankLoanPayment_update": "False",
    "new_bankLoanPayment_exit": "True",
    "supplierPaybook_print": "False",
    "supplierPaybook_delete": "False",
    "supplierPaybook_new": "True",
    "supplierPaybook_modify": "False",
    "newSupplierPayment_save": "True",
    "newSupplierPayment_update": "False",
    "newSupplierPayment_exit": "True",
    "charityPaybook_print": "False",
    "charityPaybook_delete": "False",
    "charityPaybook_new": "True",
    "charityPaybook_modify": "False",
    "newCharityPayment_save": "True",
    "newCharityPayment_update": "False",
    "newCharityPayment_exit": "True",
    "role_id": 3
  },
  {
    "button_control_id": 4,
    "investor_details_print": "False",
    "investor_details_delete": "False",
    "investor_details_new": "True",
    "investor_details_modify": "False",
    "new_investor_save": "True",
    "new_investor_update": "False",
    "new_investor_barcode": "False",
    "investor_paybookDetails_print": "False",
    "investor_paybookDetails_delete": "False",
    "investor_paybookDetails_new": "True",
    "investor_paybookDetails_modify": "False",
    "new_investorPayment_save": "True",
    "new_investorPayment_update": "False",
    "new_investorPayment_savePrint": "False",
    "guarantor_details_print": "False",
    "guarantor_details_delete": "False",
    "guarantor_details_new": "True",
    "guarantor_details_modify": "False",
    "new_guarantor_save": "True",
    "new_guarantor_update": "False",
    "new_guarantor_barcode": "False",
    "customerOrders_print": "False     ",
    "customerOrders_delete": "False     ",
    "customerOrders_modify": "False     ",
    "customerOrders_allSales": "True      ",
    "customerOrders_allReturns": "True      ",
    "customerOrders_search": "True      ",
    "customerOrders_contractForm": "False     ",
    "salariesPaybook_details_print": "False",
    "salariesPaybook_details_delete": "False",
    "salariesPaybook_details_new": "True",
    "salariesPaybook_details_modify": "False",
    "new_salaryPayment_save": "True",
    "new_salaryPayment_update": "False",
    "new_salaryPayment_savePrint": "False",
    "bankLoan_details_print": "False",
    "bankLoan_details_delete": "False",
    "bankLoan_details_new": "False",
    "bankLoan_details_modify": "False",
    "new_bankLoan_save": "True",
    "new_bankLoan_update": "False",
    "new_bankLoan_exit": "True",
    "bankLoanPaybook_details_print": "False",
    "bankLoanPaybook_details_delete": "False",
    "bankLoanPaybook_details_new": "True",
    "bankLoanPaybook_details_modify": "False",
    "new_bankLoanPayment_save": "True",
    "new_bankLoanPayment_update": "False",
    "new_bankLoanPayment_exit": "True",
    "supplierPaybook_print": "False",
    "supplierPaybook_delete": "False",
    "supplierPaybook_new": "True",
    "supplierPaybook_modify": "False",
    "newSupplierPayment_save": "True",
    "newSupplierPayment_update": "False",
    "newSupplierPayment_exit": "True",
    "charityPaybook_print": "False",
    "charityPaybook_delete": "False",
    "charityPaybook_new": "True",
    "charityPaybook_modify": "False",
    "newCharityPayment_save": "True",
    "newCharityPayment_update": "False",
    "newCharityPayment_exit": "True",
    "role_id": 4
  },
  {
    "button_control_id": 5,
    "investor_details_print": "False",
    "investor_details_delete": "False",
    "investor_details_new": "True",
    "investor_details_modify": "False",
    "new_investor_save": "True",
    "new_investor_update": "False",
    "new_investor_barcode": "False",
    "investor_paybookDetails_print": "False",
    "investor_paybookDetails_delete": "False",
    "investor_paybookDetails_new": "True",
    "investor_paybookDetails_modify": "False",
    "new_investorPayment_save": "True",
    "new_investorPayment_update": "False",
    "new_investorPayment_savePrint": "False",
    "guarantor_details_print": "False",
    "guarantor_details_delete": "False",
    "guarantor_details_new": "True",
    "guarantor_details_modify": "False",
    "new_guarantor_save": "True",
    "new_guarantor_update": "False",
    "new_guarantor_barcode": "False",
    "customerOrders_print": "False     ",
    "customerOrders_delete": "False     ",
    "customerOrders_modify": "False     ",
    "customerOrders_allSales": "True      ",
    "customerOrders_allReturns": "True      ",
    "customerOrders_search": "True      ",
    "customerOrders_contractForm": "False     ",
    "salariesPaybook_details_print": "False",
    "salariesPaybook_details_delete": "False",
    "salariesPaybook_details_new": "True",
    "salariesPaybook_details_modify": "False",
    "new_salaryPayment_save": "True",
    "new_salaryPayment_update": "False",
    "new_salaryPayment_savePrint": "False",
    "bankLoan_details_print": "False",
    "bankLoan_details_delete": "False",
    "bankLoan_details_new": "False",
    "bankLoan_details_modify": "False",
    "new_bankLoan_save": "True",
    "new_bankLoan_update": "False",
    "new_bankLoan_exit": "True",
    "bankLoanPaybook_details_print": "False",
    "bankLoanPaybook_details_delete": "False",
    "bankLoanPaybook_details_new": "True",
    "bankLoanPaybook_details_modify": "False",
    "new_bankLoanPayment_save": "True",
    "new_bankLoanPayment_update": "False",
    "new_bankLoanPayment_exit": "True",
    "supplierPaybook_print": "False",
    "supplierPaybook_delete": "False",
    "supplierPaybook_new": "True",
    "supplierPaybook_modify": "False",
    "newSupplierPayment_save": "True",
    "newSupplierPayment_update": "False",
    "newSupplierPayment_exit": "True",
    "charityPaybook_print": "False",
    "charityPaybook_delete": "False",
    "charityPaybook_new": "True",
    "charityPaybook_modify": "False",
    "newCharityPayment_save": "True",
    "newCharityPayment_update": "False",
    "newCharityPayment_exit": "True",
    "role_id": 6
  },
  {
    "button_control_id": 6,
    "investor_details_print": "False",
    "investor_details_delete": "False",
    "investor_details_new": "True",
    "investor_details_modify": "False",
    "new_investor_save": "True",
    "new_investor_update": "False",
    "new_investor_barcode": "False",
    "investor_paybookDetails_print": "False",
    "investor_paybookDetails_delete": "False",
    "investor_paybookDetails_new": "True",
    "investor_paybookDetails_modify": "False",
    "new_investorPayment_save": "True",
    "new_investorPayment_update": "False",
    "new_investorPayment_savePrint": "False",
    "guarantor_details_print": "False",
    "guarantor_details_delete": "False",
    "guarantor_details_new": "True",
    "guarantor_details_modify": "False",
    "new_guarantor_save": "True",
    "new_guarantor_update": "False",
    "new_guarantor_barcode": "False",
    "customerOrders_print": "False     ",
    "customerOrders_delete": "False     ",
    "customerOrders_modify": "False     ",
    "customerOrders_allSales": "True      ",
    "customerOrders_allReturns": "True      ",
    "customerOrders_search": "True      ",
    "customerOrders_contractForm": "False     ",
    "salariesPaybook_details_print": "False",
    "salariesPaybook_details_delete": "False",
    "salariesPaybook_details_new": "True",
    "salariesPaybook_details_modify": "False",
    "new_salaryPayment_save": "True",
    "new_salaryPayment_update": "False",
    "new_salaryPayment_savePrint": "False",
    "bankLoan_details_print": "False",
    "bankLoan_details_delete": "False",
    "bankLoan_details_new": "False",
    "bankLoan_details_modify": "False",
    "new_bankLoan_save": "True",
    "new_bankLoan_update": "False",
    "new_bankLoan_exit": "True",
    "bankLoanPaybook_details_print": "False",
    "bankLoanPaybook_details_delete": "False",
    "bankLoanPaybook_details_new": "True",
    "bankLoanPaybook_details_modify": "False",
    "new_bankLoanPayment_save": "True",
    "new_bankLoanPayment_update": "False",
    "new_bankLoanPayment_exit": "True",
    "supplierPaybook_print": "False",
    "supplierPaybook_delete": "False",
    "supplierPaybook_new": "True",
    "supplierPaybook_modify": "False",
    "newSupplierPayment_save": "True",
    "newSupplierPayment_update": "False",
    "newSupplierPayment_exit": "True",
    "charityPaybook_print": "False",
    "charityPaybook_delete": "False",
    "charityPaybook_new": "True",
    "charityPaybook_modify": "False",
    "newCharityPayment_save": "True",
    "newCharityPayment_update": "False",
    "newCharityPayment_exit": "True",
    "role_id": 7
  }
]