[
  {
    "dashboard_id": 1,
    "pos": "True",
    "purchases": "True",
    "products": "True",
    "recoveries": "True",
    "expenses": "True",
    "suppliers": "True",
    "employee": "True",
    "customers": "True",
    "stock": "True",
    "reports": "True",
    "customer_dues": "True",
    "settings": "True",
    "notifications": "True",
    "backups": "True",
    "restores": "True",
    "about": "True",
    "logout": "True",
    "capital": "True",
    "dailyBalance": "True",
    "investors": "True",
    "investorPaybook": "True",
    "guarantors": "True",
    "aboutLicense": "True",
    "EmployeeSalaries": "True",
    "bankLoan": "True",
    "bankLoanPaybook": "True",
    "supplierPaybook": "True",
    "charity": "True",
    "role_id": 1
  },
  {
    "dashboard_id": 2,
    "pos": "True",
    "purchases": "True",
    "products": "True",
    "recoveries": "True",
    "expenses": "True",
    "suppliers": "True",
    "employee": "True",
    "customers": "True",
    "stock": "True",
    "reports": "False",
    "customer_dues": "True",
    "settings": "False",
    "notifications": "True",
    "backups": "True",
    "restores": "True",
    "about": "False",
    "logout": "True",
    "capital": "False",
    "dailyBalance": "False",
    "investors": "False",
    "investorPaybook": "False",
    "guarantors": "True",
    "aboutLicense": "False",
    "EmployeeSalaries": "False",
    "bankLoan": "False",
    "bankLoanPaybook": "False",
    "supplierPaybook": "False",
    "charity": "False",
    "role_id": 2
  },
  {
    "dashboard_id": 3,
    "pos": "True",
    "purchases": "True",
    "products": "True",
    "recoveries": "True",
    "expenses": "True",
    "suppliers": "True",
    "employee": "True",
    "customers": "True",
    "stock": "True",
    "reports": "False",
    "customer_dues": "True",
    "settings": "False",
    "notifications": "True",
    "backups": "True",
    "restores": "True",
    "about": "False",
    "logout": "True",
    "capital": "False",
    "dailyBalance": "False",
    "investors": "False",
    "investorPaybook": "False",
    "guarantors": "True",
    "aboutLicense": "False",
    "EmployeeSalaries": "False",
    "bankLoan": "False",
    "bankLoanPaybook": "False",
    "supplierPaybook": "False",
    "charity": "False",
    "role_id": 3
  },
  {
    "dashboard_id": 4,
    "pos": "True",
    "purchases": "True",
    "products": "True",
    "recoveries": "True",
    "expenses": "True",
    "suppliers": "True",
    "employee": "True",
    "customers": "True",
    "stock": "True",
    "reports": "False",
    "customer_dues": "True",
    "settings": "False",
    "notifications": "True",
    "backups": "True",
    "restores": "True",
    "about": "False",
    "logout": "True",
    "capital": "False",
    "dailyBalance": "False",
    "investors": "False",
    "investorPaybook": "False",
    "guarantors": "True",
    "aboutLicense": "False",
    "EmployeeSalaries": "False",
    "bankLoan": "False",
    "bankLoanPaybook": "False",
    "supplierPaybook": "False",
    "charity": "False",
    "role_id": 4
  },
  {
    "dashboard_id": 5,
    "pos": "True",
    "purchases": "True",
    "products": "True",
    "recoveries": "True",
    "expenses": "True",
    "suppliers": "True",
    "employee": "True",
    "customers": "True",
    "stock": "True",
    "reports": "False",
    "customer_dues": "True",
    "settings": "False",
    "notifications": "True",
    "backups": "True",
    "restores": "True",
    "about": "False",
    "logout": "True",
    "capital": "False",
    "dailyBalance": "False",
    "investors": "False",
    "investorPaybook": "False",
    "guarantors": "True",
    "aboutLicense": "False",
    "EmployeeSalaries": "False",
    "bankLoan": "False",
    "bankLoanPaybook": "False",
    "supplierPaybook": "False",
    "charity": "False",
    "role_id": 6
  },
  {
    "dashboard_id": 6,
    "pos": "True",
    "purchases": "True",
    "products": "True",
    "recoveries": "True",
    "expenses": "True",
    "suppliers": "True",
    "employee": "True",
    "customers": "True",
    "stock": "True",
    "reports": "False",
    "customer_dues": "True",
    "settings": "False",
    "notifications": "True",
    "backups": "True",
    "restores": "True",
    "about": "False",
    "logout": "True",
    "capital": "False",
    "dailyBalance": "False",
    "investors": "False",
    "investorPaybook": "False",
    "guarantors": "True",
    "aboutLicense": "False",
    "EmployeeSalaries": "False",
    "bankLoan": "False",
    "bankLoanPaybook": "False",
    "supplierPaybook": "False",
    "charity": "False",
    "role_id": 7
  }
]