[
  {
    "id": 1,
    "backup_path": "D:\\THE BIG FAT POS\\Backup\\",
    "picture_path": "D:\\THE BIG FAT POS\\images\\",
    "auto_backup": "Yes",
    "show_graphs": "Yes",
    "page_size": "A6",
    "pos_security": "Enabled",
    "auto_expiry": "No",
    "show_notifications": "Disabled",
    "show_discount": "Enabled",
    "discount_box": "No",
    "price_box": "Yes",
    "tax_box": "Yes",
    "show_hold": "Yes",
    "show_unhold": "Yes",
    "show_order": "Yes",
    "show_last_order": "Yes",
    "show_remarks": "Yes",
    "show_recovery": "Yes",
    "show_print_receipt": "Yes",
    "directly_print_receipt": "No",
    "sale_default_option": "Piece",
    "discountType": "No",
    "autoPenalties": "No",
    "useCapital": "No",
    "show_guarantors": "No",
    "show_installmentPlan": "No",
    "showNoteInReport": "No",
    "investorProfit": "W_Sale - Pur",
    "lessAmount": "1",
    "profitDivide": "1",
    "employeeSalary": "0",
    "companyProfit": "Sale - W_Sale",
    "currency": "$",
    "taxation": "8.25",
    "default_printer": "Microsoft Print to PDF",
    "preview_receipt": "No",
    "printer_model": "",
    "search_box": "Yes",
    "auto_open_cash_drawer": "No",
    "strictly_check_expiry": "No",
    "autoSetPoints": "No",
    "autoRedeemPoints": "No",
    "addPointPerAmount": "1",
    "pointsRedeemLimit": "300",
    "autoPromotions": "No",
    "promotionOnItems": "0",
    "promotionDiscount": "0",
    "auto_clear_cart": "Yes",
    "split_old_and_new_stock": "Yes",
    "pointsRedeemDiscount": "25",
    "pointsDiscountInPercentage": "False",
    "allowAverageCost": "No",
    "autoZeroCustomerDiscount": "No",
    "singleAuthorityClosing": "Yes",
    "batchOpeningAmount": "0",
    "setStockLimitToZero": "No",
    "isCreditCardConnected": "No",
    "notificationSound": "No",
    "changeAmountPopUp": "Yes",
    "customerAgeLimit": "0",
    "salesmanTips": "No",
    "useSurcharges": "No",
    "surchargePercentage": "0"
  }
]