[
  {
    "reports_id": 1,
    "company_ledger": "True",
    "company_statement": "True",
    "customer_ledger": "True",
    "customer_statement": "True",
    "day_book": "True",
    "stock": "True",
    "sales_report": "True",
    "returns_report": "True",
    "receivables": "True",
    "payables": "True",
    "recoveries": "True",
    "balance_in_out": "True",
    "income_statement": "True",
    "generateInvoices": "True",
    "chequeDetails": "True",
    "role_id": 1
  },
  {
    "reports_id": 2,
    "company_ledger": "False",
    "company_statement": "False",
    "customer_ledger": "True",
    "customer_statement": "True",
    "day_book": "True",
    "stock": "True",
    "sales_report": "True",
    "returns_report": "True",
    "receivables": "False",
    "payables": "False",
    "recoveries": "False",
    "balance_in_out": "False",
    "income_statement": "False",
    "generateInvoices": "True",
    "chequeDetails": "False",
    "role_id": 2
  },
  {
    "reports_id": 3,
    "company_ledger": "False",
    "company_statement": "False",
    "customer_ledger": "True",
    "customer_statement": "True",
    "day_book": "True",
    "stock": "True",
    "sales_report": "True",
    "returns_report": "True",
    "receivables": "False",
    "payables": "False",
    "recoveries": "False",
    "balance_in_out": "False",
    "income_statement": "False",
    "generateInvoices": "True",
    "chequeDetails": "False",
    "role_id": 3
  },
  {
    "reports_id": 4,
    "company_ledger": "False",
    "company_statement": "False",
    "customer_ledger": "True",
    "customer_statement": "True",
    "day_book": "True",
    "stock": "True",
    "sales_report": "True",
    "returns_report": "True",
    "receivables": "False",
    "payables": "False",
    "recoveries": "False",
    "balance_in_out": "False",
    "income_statement": "False",
    "generateInvoices": "True",
    "chequeDetails": "False",
    "role_id": 4
  },
  {
    "reports_id": 5,
    "company_ledger": "False",
    "company_statement": "False",
    "customer_ledger": "True",
    "customer_statement": "True",
    "day_book": "True",
    "stock": "True",
    "sales_report": "True",
    "returns_report": "True",
    "receivables": "False",
    "payables": "False",
    "recoveries": "False",
    "balance_in_out": "False",
    "income_statement": "False",
    "generateInvoices": "True",
    "chequeDetails": "False",
    "role_id": 6
  },
  {
    "reports_id": 6,
    "company_ledger": "False",
    "company_statement": "False",
    "customer_ledger": "True",
    "customer_statement": "True",
    "day_book": "True",
    "stock": "True",
    "sales_report": "True",
    "returns_report": "True",
    "receivables": "False",
    "payables": "False",
    "recoveries": "False",
    "balance_in_out": "False",
    "income_statement": "False",
    "generateInvoices": "True",
    "chequeDetails": "False",
    "role_id": 7
  }
]